rmse,mae
3.874845851852681,3.050273752666654
