rmse,mae
2.915748926873419,2.3066943105061846
