rmse,mae
4.299863924827052,3.4730465680076965
