rmse,mae
4.059811490290244,2.942793443770636
