rmse,mae
2.290454208023718,1.8846014077322821
