rmse,mae
4.3988983203951495,3.427988052368164
