rmse,mae
5.264844454983534,3.8886043394179564
