rmse,mae
3.353499823825089,2.6530553581601097
