rmse,mae
3.3684350273036223,2.5602279835655573
