rmse,mae
3.470796299031135,2.7329355939229325
