rmse,mae
3.62778344502795,2.8624201302301313
